brand,trend
Airbnb,0.7997311827956989
Apple,0.8340646190666134
Coca-Cola,0.8755650725672139
HM,0.875
Nike,0.6638111157542833
Starbucks,0.7762092108308262
